sgrna_id,guide_sequence,read_1,read_2,guide_length,transcript_id,gene_name
gRNA_1,CAACTTTCATTGTTAGAGAG,1008,966,20,NM_001001182,Baz2b
gRNA_2,GCTGATAGGTCATTTATTAT,683,682,20,NM_001001182,Baz2b
gRNA_3,AGGAACTGTTCTTGTAAACA,1273,1232,20,NM_001004061,Fam170a
gRNA_4,GAGAACTGAGTTCCTTAGAG,1359,1327,20,NM_001004061,Fam170a
gRNA_5,AGTTACCGGCGGCGGCTAGA,7422,7187,20,NM_001010833,Mdc1
gRNA_6,CAAACGCCTACCAGAGAGTC,6317,6158,20,NM_001010833,Mdc1
gRNA_7,AGACTCTCCCGCTTGATTGG,5417,5289,20,NM_001013026,Ttf2
gRNA_8,GCGCGCTCTGAAATCAAACT,5323,5176,20,NM_001013026,Ttf2
gRNA_9,CGCGCTCGGGAGGCGGGCAG,13950,13488,20,NM_001025432,Crebbp
gRNA_10,GGGCGCCGTCGCTGCCAGCC,22215,21583,20,NM_001025432,Crebbp
gRNA_11,ACAGAGTCACGTGTGCTCAG,3231,3163,20,NM_001031772,Lin28b
gRNA_12,TTCTTGCTACTAATTCACCT,2544,2452,20,NM_001031772,Lin28b
gRNA_13,AAGTGGCTCGACGGAGAGGC,3428,3388,20,NM_001033341,Zfp407
gRNA_14,GAATGTTAGGTCATTAGCCA,1139,1129,20,NM_001033341,Zfp407
gRNA_15,ACCTGATTATAGTGCTACTT,2258,2193,20,NM_001033427,Lyg2
gRNA_16,GAGGTCAATGCTTTAAAGAG,782,784,20,NM_001033427,Lyg2
gRNA_17,CCGGTGACCCGAGGAGTGCT,10838,10604,20,NM_001037737,Arnt
gRNA_18,CTGACCGCGCCCATAGTTTG,6851,6689,20,NM_001037737,Arnt
gRNA_19,AGGCGGGCCCGTACAGCTCC,11853,11611,20,NM_001042541,Akap1
gRNA_20,GGAGCTCTCCGCTGACATCC,13088,12608,20,NM_001042541,Akap1
gRNA_21,CAACGCTCGGATTCCTAGAG,3914,3804,20,NM_001044703,Zscan21
gRNA_22,GTCGCAGCCTCCGGTGAAAC,9380,9141,20,NM_001044703,Zscan21
gRNA_23,GCGGCCGGACGGGCGAGCAG,14879,14310,20,NM_001045523,Bahd1
gRNA_24,GCGTAGCGGATCCCGGAGCC,10602,10337,20,NM_001045523,Bahd1
gRNA_25,GCTCTTCAGGTGCAGTCTTC,6270,6146,20,NM_001048168,Nfyc
gRNA_26,GTACCACCACACCTGAATCT,5440,5246,20,NM_001048168,Nfyc
gRNA_27,CGCTGGTCCCGCCACTACGC,29100,27384,20,NM_001076789,Cbx5
gRNA_28,GCGCAGGGAAGGATCCGTTT,6170,6025,20,NM_001076789,Cbx5
gRNA_29,GAAGACTTCTGTCTCACCGC,7920,7721,20,NM_001079830,Trim33
gRNA_30,TCACAGCCCTCTAGAGAACG,4425,4336,20,NM_001079830,Trim33
gRNA_31,GAGAAGACGAAGACAGGGCC,3199,3106,20,NM_001080819,Arid1a
gRNA_32,GAGCGAGCGCAGCGCAGCAG,7168,7021,20,NM_001080819,Arid1a
gRNA_33,CCGGCGTCGTCGCGCGACGC,34771,33828,20,NM_001080932,Foxk2
gRNA_34,CGTGCGCCGCGCCCATTGGT,15495,15095,20,NM_001080932,Foxk2
gRNA_35,AGCTGGGAAACTTCCATGAT,3261,3199,20,NM_001081195,Arid4a
gRNA_36,CTCATGACGCCGAATAGCTT,3260,3169,20,NM_001081195,Arid4a
gRNA_37,GCCCAGAGCAGCCCGTGACT,11527,11221,20,NM_001081229,Tsc22d2
gRNA_38,GCCCTTCTCGGTTTCCGGTG,12515,12158,20,NM_001081229,Tsc22d2
gRNA_39,CGGGATCACCACGACTTCTC,12228,11832,20,NM_001081251,Pbrm1
gRNA_40,GGTTCAACGTCACGCGCTCC,11782,11511,20,NM_001081251,Pbrm1
gRNA_41,ATGTAGAGAGTGTCAATCAA,810,789,20,NM_001081345,Chd2
gRNA_42,GCTCTCTTGGATGGAGAATC,2854,2817,20,NM_001081345,Chd2
gRNA_43,CAGAGGCAGAGGTATTTAAG,1256,1236,20,NM_001081954,AW822073
gRNA_44,GGTGCCAATGACGGCCTCCC,12201,11997,20,NM_001081954,AW822073
gRNA_45,GCACTGGAGGAAGTGGTTCC,6581,6455,20,NM_001083319,Ubp1
gRNA_46,GGCCAATGAGCTCTTACTTA,2785,2709,20,NM_001083319,Ubp1
gRNA_47,ACCCTCCTTGAGAGCCGCCT,13073,12683,20,NM_001085355,Arid1b
gRNA_48,GCGGCCGCTCTGCGCGCTGT,24554,23974,20,NM_001085355,Arid1b
gRNA_49,GAACTGCAGGCCGGTTCCCG,14407,13971,20,NM_001103182,Lin9
gRNA_50,GTGGCGCGGCGGACGAGACC,10629,10292,20,NM_001103182,Lin9
gRNA_51,GGCTAGCGCCATCTTTGTTG,3815,3717,20,NM_001110329,Fiz1
gRNA_52,TCCTTTCCTATTTCCAGCCG,122,122,20,NM_001110329,Fiz1
gRNA_53,GAAAGCCAATAGATACTGGG,1741,1691,20,NM_001110351,Sin3a
gRNA_54,TTGGAGGCGACTCTTACTCG,5527,5405,20,NM_001110351,Sin3a
gRNA_55,CGCGGACTACGACTCCCGCC,23671,22516,20,NM_001113574,Brd3
gRNA_56,GACATGTAGTCCGTGCGCCT,7241,7044,20,NM_001113574,Brd3
gRNA_57,CTCAGCTGATGTCACCGCCC,14795,14327,20,NM_001114140,Tcf20
gRNA_58,GCAGAGGTGTGATCCGGCAG,6800,6551,20,NM_001114140,Tcf20
gRNA_59,AAGTGTGAGGCGGCTGCGGG,4544,4398,20,NM_001122730,Tnrc18
gRNA_60,GAGCTCGGCGGGAGGAAAGC,6690,6509,20,NM_001122730,Tnrc18
gRNA_61,GATTGGCTGTGGTGCAGTAC,2776,2703,20,NM_001122766,Sirt2
gRNA_62,TTGTAGTTTGATAACATGAG,628,592,20,NM_001122766,Sirt2
gRNA_63,GTCCTTATTGCGGGCCGCGC,13034,12684,20,NM_001122992,Gmeb1
gRNA_64,TGCGCACAAAGCCGCCACGG,13268,12871,20,NM_001122992,Gmeb1
gRNA_65,GCTGAAAGGGAGGCAGAAGG,2124,2073,20,NM_001127260,Trp63
gRNA_66,TGAAATGAAGAGTGAGTTCT,809,772,20,NM_001127260,Trp63
gRNA_67,GGGCCCGGCAGAAACCTGGG,8657,8401,20,NM_001128151,Cecr2
gRNA_68,GTTGTTGTTGTGGTGCGCGC,8405,8301,20,NM_001128151,Cecr2
gRNA_69,ACTACAAGTCTCAGCTACCC,6533,6340,20,NM_001146176,Max
gRNA_70,AGTCTGGCGAAGCCTGTGTG,4384,4312,20,NM_001146176,Max
gRNA_71,GGTGGCGCGCTGGCTCGGGA,12452,12161,20,NM_001159396,Irf1
gRNA_72,TGAGCTCGCCGGAGCTGCGC,16893,16419,20,NM_001159396,Irf1
gRNA_73,AGGCGCCAGAGGCCGCTGAG,12097,11776,20,NM_001159589,Sirt1
gRNA_74,GAGCCGAGCCGCCCTGGGTG,15763,15359,20,NM_001159589,Sirt1
gRNA_75,CCGGGAGGAAACCACAGGGC,7994,7732,20,NM_001163556,Pou2f2
gRNA_76,TGACTTCCGGCAGGGAGGGC,6440,6226,20,NM_001163556,Pou2f2
gRNA_77,CCCGCAAGCCAGCTTGTGTG,9695,9414,20,NM_001163632,Satb1
gRNA_78,CCTCCTTCCCTTCAAACTGA,7163,6935,20,NM_001163632,Satb1
gRNA_79,AGGCGGGCTGGGCACAGGGC,12244,11908,20,NM_001164597,Zfp512b
gRNA_80,TTTCTGGAGGAGGAGGCGGG,3267,3203,20,NM_001164597,Zfp512b
gRNA_81,AACAGCAGGGCCGCCGTCAC,11860,11515,20,NM_001166545,Hmga1
gRNA_82,GTAGCTCGCCACTGTGCGCG,13323,12893,20,NM_001166545,Hmga1
gRNA_83,CTAGTTCTTAGGCAGATGGA,1509,1501,20,NM_001168382,Phf14
gRNA_84,TACTATGGAAATCAGAGTAC,697,678,20,NM_001168382,Phf14
gRNA_85,CTAAGATAAGTATTTACTCC,685,667,20,NM_001168501,Zfp57
gRNA_86,TTTCCGTAATTCCTTGTACT,1670,1669,20,NM_001168501,Zfp57
gRNA_87,CGTCGCTCTGCCGGCGCTGG,20844,20295,20,NM_001171054,Mta3
gRNA_88,GGGTAGCACACCAGGGTCAG,4310,4233,20,NM_001171054,Mta3
gRNA_89,AAGGAAGAGCGTCGAGGAGG,1413,1376,20,NM_001171147,Yap1
gRNA_90,CGCGCTGCGTGCGCACCCAC,21991,21293,20,NM_001171147,Yap1
gRNA_91,AGTCCTTTGAGGGCGCGAGG,4954,4822,20,NM_001174078,Smarca4
gRNA_92,CCAGAGGCTGCACAAGATCC,7935,7675,20,NM_001174078,Smarca4
gRNA_93,AACATCTCCAATACCCTGAT,1793,1706,20,NM_001199432,Dnmt1
gRNA_94,AGCATGGCCCGCTCTGTGCC,12329,11976,20,NM_001199432,Dnmt1
gRNA_95,ATTGTAGTTCTTCGCTTCCG,4435,4327,20,NM_001205044,Jarid2
gRNA_96,GTTGAGTGACAGGAGGCGTG,4181,4075,20,NM_001205044,Jarid2
gRNA_97,CAATTGAGAGGAGCAGAGCT,2374,2286,20,NM_001252192,Eya1
gRNA_98,CTGTTTATTCAGATATCATG,1091,1046,20,NM_001252192,Eya1
gRNA_99,AGCTTCAAGAAAGGACATGG,1667,1611,20,NM_001252316,Shmt2
gRNA_100,TCCCTGCGCATGCGCAGTAC,5246,5112,20,NM_001252316,Shmt2
gRNA_101,GAAAGCCTGGAGGTAGGCAG,2799,2723,20,NM_001252561,Mllt10
gRNA_102,GCGGAGTCGGCTGCTCAGCG,14462,14188,20,NM_001252561,Mllt10
gRNA_103,GTGCTACGCGGGTCCGGCGG,10514,10247,20,NM_001253691,Patz1
gRNA_104,GTTAAGGGCGGCAATGTGGG,3402,3330,20,NM_001253691,Patz1
gRNA_105,TGACCAAGCAGCCCGGTCCC,15701,15170,20,NM_001253755,Tdrd3
gRNA_106,TTCTAAGTTGCACACACATG,1820,1789,20,NM_001253755,Tdrd3
gRNA_107,AAGCAGAAAGAAGTTAATGC,765,731,20,NM_001271386,Hdac9
gRNA_108,GTTCTGCTCAGACAATAAGA,1885,1807,20,NM_001271386,Hdac9
gRNA_109,CCCGCCGGACGCGAGGACCG,16019,15595,20,NM_001272064,Trim24
gRNA_110,CTGCAGAAGCCCGCGAGGCT,12132,11861,20,NM_001272064,Trim24
gRNA_111,CTTCCCGTCCCGCCGGGCGC,32734,31579,20,NM_001277149,Chd7
gRNA_112,GGGCGCGCCGCGGAGAGAGC,11198,10964,20,NM_001277149,Chd7
gRNA_113,AGCATTGCAGCAGACACAAG,2404,2359,20,NM_001286200,Terf2
gRNA_114,TGAAGACTACGCTGCAGACT,2780,2710,20,NM_001286200,Terf2
gRNA_115,TCTCTGTCTCTTTGCTACTG,3893,3792,20,NM_001286221,Mier1
gRNA_116,TGTGAGACTGAGTGAGCTTG,2447,2378,20,NM_001286221,Mier1
gRNA_117,AAAGCAATTACGCAAGTTGG,1691,1658,20,NM_001290449,Nfx1
gRNA_118,CGCCATTTCACTGTGTGCTC,7612,7442,20,NM_001290449,Nfx1
gRNA_119,CGTGAAAGTGACTGCGGAGC,5608,5485,20,NM_001291240,Cux1
gRNA_120,GACCCGCCACACCGGGTAGC,15105,14069,20,NM_001291240,Cux1
gRNA_121,CGAGAGGCGCGGGAGATGAG,4790,4763,20,NM_001291765,Tfdp1
gRNA_122,GGTGCTACCCGCCCTGGGAG,11369,11084,20,NM_001291765,Tfdp1
gRNA_123,CAACCTCCTCGCCTGGCCAT,15248,14597,20,NM_001293623,Hmgb3
gRNA_124,CATTCAAACAGAACAACCCG,3019,2897,20,NM_001293623,Hmgb3
gRNA_125,GGCAGCTTCATCGTCATTCG,7014,6746,20,NM_001294302,Preb
gRNA_126,TAGGACCCGGATCCGACGCC,9013,8775,20,NM_001294302,Preb
gRNA_127,CCCACACTAGTCAGTGGGCG,2624,2550,20,NM_001302116,Usp3
gRNA_128,CGTAACCAGCAGGGTGGGCG,7731,7482,20,NM_001302116,Usp3
gRNA_129,CAGCTAACGGATGTGGCATG,3079,2998,20,NM_001302397,Phf1
gRNA_130,GGAGCTTGGAGTGGCCACGG,7292,7139,20,NM_001302397,Phf1
gRNA_131,GCGACACAAAGGGACGATGG,4137,4001,20,NM_001302458,Ing1
gRNA_132,TCCCGGTGCTGGGTTTAGAA,2094,2034,20,NM_001302458,Ing1
gRNA_133,CGCAGCCAATCAGCAACGGC,12068,11705,20,NM_001302811,Cic
gRNA_134,TAAACCAGAGTAGAGAAGTT,845,844,20,NM_001302811,Cic
gRNA_135,GCCGCCCGGAGGAGGCGGAG,10626,10363,20,NM_001302954,Ubtf
gRNA_136,GCCTTGGCGCCGCCGCCTCC,30495,29657,20,NM_001302954,Ubtf
gRNA_137,CGCGGGAAACTTGAACCTTA,3207,3040,20,NM_001303446,Csnk2b
gRNA_138,GCACGCGATGCTTTACTACG,4589,4470,20,NM_001303446,Csnk2b
gRNA_139,CTCCACTTTCAAGGATTGTA,1593,1550,20,NM_007622,Cbx1
gRNA_140,TGGGCGGCGCGGGATTCGCG,15376,15090,20,NM_007622,Cbx1
gRNA_141,GCTGCGTGCTCCGGGAATCC,12304,11948,20,NM_007623,Cbx2
gRNA_142,GGGCGCTCTCTGCACTGTGT,9949,9727,20,NM_007623,Cbx2
gRNA_143,CCCGCCGGGAACGCGTCCTG,22788,22084,20,NM_007624,Cbx3
gRNA_144,GCGCGCTCCGAGACGCAGAG,9883,9587,20,NM_007624,Cbx3
gRNA_145,CGCGCGAGATCTGCTGGCCT,10517,10249,20,NM_007842,Dhx9
gRNA_146,GTCGGCGACTCGCGCCTGCG,23537,22838,20,NM_007842,Dhx9
gRNA_147,AGAGAACAGCTTTCCGTGGC,4952,4812,20,NM_007869,Dnajc1
gRNA_148,AGCTGCACGTGTGTCAGCGC,8577,8385,20,NM_007869,Dnajc1
gRNA_149,CGTTACTAGGCAACGCCGCG,12510,12271,20,NM_007892,E2f5
gRNA_150,GGCAGTCGGGTTCCCTCAGG,11181,10884,20,NM_007892,E2f5
gRNA_151,AGGCGCTTGATAGTGCTGGG,3900,3807,20,NM_007971,Ezh2
gRNA_152,TTCGGAGCGAGCTCCAGCCC,9298,9026,20,NM_007971,Ezh2
gRNA_153,CTGCAACCCAAACCCGCTCC,17916,17220,20,NM_008091,Gata3
gRNA_154,TGGCGCGACGCAACTTAAGG,3729,3633,20,NM_008091,Gata3
gRNA_155,CTTTGTGGATGGGAGCAGGG,3143,3064,20,NM_008173,Nr3c1
gRNA_156,GCCTATTAAATAAACCCTTT,978,943,20,NM_008173,Nr3c1
gRNA_157,ACGGGTAGTCACACACAGTC,6093,5952,20,NM_008229,Hdac2
gRNA_158,AGTCCGCTTGTGCGCACCTC,9384,9094,20,NM_008229,Hdac2
gRNA_159,ATGTACTGCTCGGCCCTGAT,3691,3597,20,NM_008252,Hmgb2
gRNA_160,CTCTCTAGACCGGTTCCAAC,6849,6683,20,NM_008252,Hmgb2
gRNA_161,CTCTGATTGGTGAGCAGCCC,6806,6638,20,NM_008296,Hsf1
gRNA_162,TGGGCCGGCAAAGTAGGCAG,2779,2709,20,NM_008296,Hsf1
gRNA_163,CGCGGTGCGCGTGTGAGCGA,5950,5845,20,NM_008539,Smad1
gRNA_164,GAAGGCGCGGGCCGGTAATT,8422,8182,20,NM_008539,Smad1
gRNA_165,GGACACTGAGCATGCGCGCG,12407,12079,20,NM_008540,Smad4
gRNA_166,TGGCAGCAACAACACGGCCC,8865,8545,20,NM_008540,Smad4
gRNA_167,AGCCCGCGCGCCAGAACCCT,12716,12261,20,NM_008652,Mybl2
gRNA_168,CTATCTCCCGCCAAGTGCGT,10234,9899,20,NM_008652,Mybl2
gRNA_169,CGCCCAGCACTACGGGTCCC,16398,15913,20,NM_008679,Ncoa3
gRNA_170,GGAGGTGAAGAGGACGTTCT,2828,2763,20,NM_008679,Ncoa3
gRNA_171,GAGACAGGCCCGGGCAGGCG,12634,12325,20,NM_009029,Rb1
gRNA_172,TCGCGGGCCGCGGGCGTCAG,15229,14748,20,NM_009029,Rb1
gRNA_173,ATTGGTCGGTGTTGGCGCGA,5132,5048,20,NM_009030,Rbbp4
gRNA_174,TGGGCGGAGCATCCGCCTCG,13683,13315,20,NM_009030,Rbbp4
gRNA_175,GATGTCACCCTGGCCGGGAC,11687,11327,20,NM_009045,Rela
gRNA_176,TGCGGCCATTCGCCCTGCGC,30686,29830,20,NM_009045,Rela
gRNA_177,GGAGCTCGGTGAAGTCGAGA,2673,2569,20,NM_009055,Rfx1
gRNA_178,GGGCGCTTCCAGCATGCTAT,6094,5907,20,NM_009055,Rfx1
gRNA_179,CCGCCCAGCCAACCCTCTTC,21673,20963,20,NM_009211,Smarcc1
gRNA_180,CGGGCAGCCTCAGTCCGTAG,10206,9861,20,NM_009211,Smarcc1
gRNA_181,CGCCTGGGCTCGGATCGACA,10242,9991,20,NM_009352,Terf1
gRNA_182,TTTAGCAGTTCTCAGCCAAT,2012,1967,20,NM_009352,Terf1
gRNA_183,CTGTGGGAAGCCCGGACTTC,9335,9099,20,NM_009360,Tfam
gRNA_184,GGCGGAGCCTGAGGCTAGGG,5835,5674,20,NM_009360,Tfam
gRNA_185,TGGCTGGCGTTTCCCAGGCC,10015,9787,20,NM_009480,Usf1
gRNA_186,TGGGCACGGAGCCTTTGTTT,3696,3616,20,NM_009480,Usf1
gRNA_187,CGCCGGGTTCCCTTAGCAAC,9701,9471,20,NM_009532,Xrcc1
gRNA_188,GTTGGGCCTCTCCGCGAGCG,16143,15689,20,NM_009532,Xrcc1
gRNA_189,ACGTAGGAACTGATGCGTCT,3189,3125,20,NM_009584,Dnajc2
gRNA_190,GCATTGGCGCGAGGCCGTGG,10244,10003,20,NM_009584,Dnajc2
gRNA_191,CCGAAGAGCTCTCCCTTGGG,6687,6388,20,NM_009628,Adnp
gRNA_192,GGACTCATTGTCCAGCTGGG,4512,4410,20,NM_009628,Adnp
gRNA_193,ACAAGATCCAGACACGTCAG,3131,3054,20,NM_009764,Brca1
gRNA_194,ACGGAAGAGAAAGAATTTCG,1226,1187,20,NM_009764,Brca1
gRNA_195,AGCTCGGCTGTTTCCGTGAG,5688,5540,20,NM_009952,Creb1
gRNA_196,GAAGGCCTTCGGCTACTTCC,8219,7965,20,NM_009952,Creb1
gRNA_197,GGAGCGCGATTTAAAGGTGC,4212,4157,20,NM_010262,Gbx2
gRNA_198,TGGGCTACCGGCGCCACGGT,2554,2491,20,NM_010262,Gbx2
gRNA_199,AGCCACTGGGAGAATTGAAG,1487,1456,20,NM_010710,Lhx2
gRNA_200,GGCTCAGCTCGCAGGCTTCG,9407,9157,20,NM_010710,Lhx2
gRNA_201,GACGTTTCCCTTCCGATTCC,9726,9531,20,NM_010754,Smad2
gRNA_202,GGGTGTGAGCACCGCGTCGG,10164,9919,20,NM_010754,Smad2
gRNA_203,CGGCCAATCCGAAGGCGTGT,8586,8355,20,NM_010830,Msh6
gRNA_204,TGGAGCTCGCGGTGGCTACC,9135,8830,20,NM_010830,Msh6
gRNA_205,GATAGGTCGGTGAGGAGGCG,5017,4925,20,NM_010901,Nfatc3
gRNA_206,GCCAGAGCCCTGCTCCCTCT,15660,15217,20,NM_010901,Nfatc3
gRNA_207,AAGGCGCCTGCGTAGGCCTT,5440,5255,20,NM_010913,Nfya
gRNA_208,GCGTGGTATATAATTCAGGG,1120,1083,20,NM_010913,Nfya
gRNA_209,AGCCTTTCCGCGTGGAGCTC,5980,5785,20,NM_010914,Nfyb
gRNA_210,GCTCTGGATGTTCGCTCTTC,7690,7496,20,NM_010914,Nfyb
gRNA_211,CTATGAGGTTTACATGGTGG,1838,1783,20,NM_010931,Uhrf1
gRNA_212,GAGGGCTCTTGATTCCTGAT,2212,2160,20,NM_010931,Uhrf1
gRNA_213,CCGCCCGGAGACCGCCATGA,16198,15662,20,NM_010938,Nrf1
gRNA_214,GCGAGGCCAGCACGGCTCTG,14192,13881,20,NM_010938,Nrf1
gRNA_215,GGCGCAGGGCTGAGAGTGCG,11123,10884,20,NM_011078,Phf2
gRNA_216,TTTGTGTCCCGCGCGCGGCC,13100,12758,20,NM_011078,Phf2
gRNA_217,GCCTCGGGAGAGGAAGGAAC,3048,2993,20,NM_011137,Pou2f1
gRNA_218,TGCGCACCGCGCGCGCAGGG,18956,18466,20,NM_011137,Pou2f1
gRNA_219,GACGGCGCGGGCCGGGTGCG,20431,19901,20,NM_011263,Rest
gRNA_220,GGCGCGCGCGGACGGCGAGG,14832,14273,20,NM_011263,Rest
gRNA_221,AGTGAGATGCCACGCAGCTT,4579,4473,20,NM_011294,Sub1
gRNA_222,CGTGCCATTGGGCGGAGCCA,7568,7315,20,NM_011294,Sub1
gRNA_223,CCCGAGTTTAGGAAGAGGAG,1604,1608,20,NM_011416,Smarca2
gRNA_224,GCGTCTTCCGGCGCCCGTGG,17655,17243,20,NM_011416,Smarca2
gRNA_225,CTGGGCTCGGGCGCAGGAGC,9185,8911,20,NM_011443,Sox2
gRNA_226,GGCGGCCAATCAGCGAGCGC,13434,13047,20,NM_011443,Sox2
gRNA_227,GAGTGATTGGGAGCTGGAGT,1845,1827,20,NM_011535,Tbx3
gRNA_228,GCGAGGGAGGATCAAGAAGA,1890,1876,20,NM_011535,Tbx3
gRNA_229,GCCACGGCAGAGCAAAGCGC,11172,10918,20,NM_011588,Trim28
gRNA_230,GCGGCAGCCTGGCCTATAGT,9467,9227,20,NM_011588,Trim28
gRNA_231,CCGCCGGAGCTGAGGCCCGC,26262,25574,20,NM_011630,Nr2c2
gRNA_232,CTCGGCGCGGCGCCAGGCAA,11266,10939,20,NM_011630,Nr2c2
gRNA_233,CATGATGCTGGAGGGTTTCC,4307,4259,20,NM_011657,Tulp3
gRNA_234,TGGGCGTCGGCGACAGTGCG,9304,9043,20,NM_011657,Tulp3
gRNA_235,AAAGATACCAATGAGAGCGC,2362,2275,20,NM_011732,Ybx1
gRNA_236,GCCTATTGGCTCACGCTCCG,11968,11681,20,NM_011732,Ybx1
gRNA_237,ATGTATGATTTGGCTCCTAT,1580,1539,20,NM_011934,Esrrb
gRNA_238,TTAAAGTGACAGAATCGAGC,1114,1082,20,NM_011934,Esrrb
gRNA_239,CGTCTGCGCAGGCGTGGAGT,6039,5907,20,NM_013595,Mbd3
gRNA_240,TGATTGGCTTCACAGCCTTG,4127,4033,20,NM_013595,Mbd3
gRNA_241,ATCTGCCTGTGTCTTCCAGA,4664,4494,20,NM_013633,Pou5f1
gRNA_242,GTCTGGACAGGACAACCCTT,4942,4867,20,NM_013633,Pou5f1
gRNA_243,GCGGTCGGCTCCAAGCTGGT,14243,13881,20,NM_013720,Mga
gRNA_244,TACGGCTTCGGCTCCGTGGG,6843,6706,20,NM_013720,Mga
gRNA_245,ACAAATGGACTGGGCATTCT,2959,2885,20,NM_013768,Prmt5
gRNA_246,ATGAGAGTCTGTCATTGGTG,1575,1561,20,NM_013768,Prmt5
gRNA_247,GAATTAAGTCCTCTTGCTGC,5775,5569,20,NM_013827,Mtf2
gRNA_248,GCTCACTATTGTGTCTGCAC,5088,4952,20,NM_013827,Mtf2
gRNA_249,GGCCAGCAAAGTTTGGCTGG,6487,6310,20,NM_016769,Smad3
gRNA_250,TCTGCGCACCAAAGCCATCC,9027,8780,20,NM_016769,Smad3
gRNA_251,TCGGCTGAAGCGGCGCGCTC,10852,10546,20,NM_016875,Ybx2
gRNA_252,TGGCCTCGGCTCAGGGCCCG,12588,12244,20,NM_016875,Ybx2
gRNA_253,TCTCTAGGAGAAAGGAAGCT,1228,1199,20,NM_017395,Rfx5
gRNA_254,TTTAGAGAAGGCAAGTGGTG,1382,1354,20,NM_017395,Rfx5
gRNA_255,ATCACCCACAATTTATGACC,2647,2548,20,NM_018817,Smarcal1
gRNA_256,ATTTGAGAGGCGTAACGTTG,1726,1638,20,NM_018817,Smarcal1
gRNA_257,GGCCGCTGCTGATCCCGGGC,17571,17037,20,NM_018823,Nfat5
gRNA_258,TCCGGGAGCCCGGAAGAGCC,9137,8914,20,NM_018823,Nfat5
gRNA_259,AGAGTATGCATGTGTGAAGT,731,714,20,NM_018877,Setdb1
gRNA_260,GCAATAAATTTGGTCCCTTC,3453,3406,20,NM_018877,Setdb1
gRNA_261,AACTCATATGGGTTGGAGGG,1261,1238,20,NM_019689,Arid3b
gRNA_262,TCATCCTGAAAGTCAGGGTT,2183,2126,20,NM_019689,Arid3b
gRNA_263,CGCACGCACAGCAGCCCTCC,16363,15937,20,NM_019740,Foxo3
gRNA_264,TGTGCGCCCTCGCGCCTGCG,31625,30768,20,NM_019740,Foxo3
gRNA_265,CTGGAGCTCCGCACCCGTTT,10090,9738,20,NM_019776,Snd1
gRNA_266,TTCATAAAGAGAGTGCCTAT,1486,1467,20,NM_019776,Snd1
gRNA_267,AGCGGCGGGCGCAACTGCCC,18881,18406,20,NM_020508,Brd4
gRNA_268,ATGGCGGCGGCAGGAAGTGC,10131,9893,20,NM_020508,Brd4
gRNA_269,GAACTGTTTAAAGACAAGCG,2026,1985,20,NM_020618,Smarce1
gRNA_270,TGAACTGGCCCTCCTGGGAA,5870,5704,20,NM_020618,Smarce1
gRNA_271,ATTGGTCAGATCCTCGGGCG,7744,7465,20,NM_021501,Pias4
gRNA_272,CTCCCGCCTCTCAGACGCGG,14810,14283,20,NM_021501,Pias4
gRNA_273,CGGGCGAGCGCAAGCACGAC,11015,10701,20,NM_021531,Carm1
gRNA_274,CTCCCTCAGGCGCCAGGAGG,10173,9790,20,NM_021531,Carm1
gRNA_275,GGCTCCACTTTGGCGCCTGA,11076,10766,20,NM_023626,Ing3
gRNA_276,TCTGCAGCGATGACGTCAAC,4303,4188,20,NM_023626,Ing3
gRNA_277,GGGAGTTCACGGGAAGTGGA,3101,3045,20,NM_023773,Mphosph8
gRNA_278,GGGCGGGTCGACGGACTCTG,12854,12642,20,NM_023773,Mphosph8
gRNA_279,CTCCTTCCGTGGAGACGCGG,9893,9628,20,NM_023799,Mgea5
gRNA_280,GACGAGCGAAGGCGCCTCCT,12507,12172,20,NM_023799,Mgea5
gRNA_281,CAGCGCGCTGGCGGCCATGG,13767,13318,20,NM_024250,Phf10
gRNA_282,GTCAGCCGGCCGCAGCTGCG,19999,19421,20,NM_024250,Phf10
gRNA_283,GCTCATGAATAGTGAGCGCG,3087,3026,20,NM_025454,Ing5
gRNA_284,TTGCCCTGAGGGAACGCGGA,6139,5962,20,NM_025454,Ing5
gRNA_285,TCCTCCGCAGTACTTTATTT,1496,1456,20,NM_025812,Hmg20a
gRNA_286,TCTGTCAAGCTGTGAGACGA,2403,2353,20,NM_025812,Hmg20a
gRNA_287,GCGCGGCCCGGACCTTGGAC,14851,14413,20,NM_025821,Carhsp1
gRNA_288,TCCAGCCGCTGCCGAGTCCC,16004,15632,20,NM_025821,Carhsp1
gRNA_289,AGGTTCATAGGCCAGAGCAG,1844,1790,20,NM_025910,Mina
gRNA_290,GAAGGCCTGTAGCTGTAGGC,4017,3909,20,NM_025910,Mina
gRNA_291,TAAGTCCTTGCGGTCACTTC,4778,4642,20,NM_026115,Hat1
gRNA_292,TTCTCCCTCTCATTGGTTCG,2946,2901,20,NM_026115,Hat1
gRNA_293,CCTGTGGAACTACATGTCCC,5646,5518,20,NM_026192,Calcoco1
gRNA_294,GGGCGGTGATGGACTCAGCG,6831,6656,20,NM_026192,Calcoco1
gRNA_295,AGGAAGCCACGCTCCCAGTC,8658,8306,20,NM_026440,Rnmt
gRNA_296,CCGGGACTTAGTCAATTCCA,3621,3558,20,NM_026440,Rnmt
gRNA_297,GAGCGAAGGCAGGTCTGCCG,14895,14468,20,NM_026796,Smyd2
gRNA_298,GCACGCGCGTCACGGGAGGG,9865,9599,20,NM_026796,Smyd2
gRNA_299,AATTAGACCATGGAGGAACA,949,919,20,NM_027029,Spata3
gRNA_300,GTCTTTGGGCCTAAGAGAAC,1863,1825,20,NM_027029,Spata3
gRNA_301,CAGGTCCTGTGAGCATGCGC,11338,11046,20,NM_027188,Smyd3
gRNA_302,TGTACGCAAGCGCAGGACGC,5360,5230,20,NM_027188,Smyd3
gRNA_303,GGTGGGAGAAGTGCTTGTGG,3637,3561,20,NM_027230,Zmynd8
gRNA_304,TTTGCTGGAGCAGGTCAGGC,5385,5273,20,NM_027230,Zmynd8
gRNA_305,ACCGGAGCCGACGCGAACCG,15761,15214,20,NM_027435,Atad2
gRNA_306,CTCCTCCAATCCGAAGAGCG,5555,5398,20,NM_027435,Atad2
gRNA_307,GCCGCCTCGGCGCGGGATTG,18320,17899,20,NM_027504,Prdm16
gRNA_308,GGTGAAGACCGAGAAGGCCT,4149,4027,20,NM_027504,Prdm16
gRNA_309,CTGCTCGTACTGCCTCGCCC,16341,15895,20,NM_027748,Taf3
gRNA_310,GGCCGAGAGATAGGCGGCCC,7810,7598,20,NM_027748,Taf3
gRNA_311,ACGTTTCCGAGTGAGACAGC,3952,3845,20,NM_027927,Ints12
gRNA_312,GAAACAAAGGTTCCCGCAAC,4531,4393,20,NM_027927,Ints12
gRNA_313,CCAGGGTGCTGATCAGCCAT,5515,5395,20,NM_028262,Setd3
gRNA_314,CTTCGGATACGGCTCCGCCC,13122,12731,20,NM_028262,Setd3
gRNA_315,CCACTCTCTCGACTGCCAGA,9042,8771,20,NM_028298,Zfp655
gRNA_316,GGCGACGGAAGTCCACGGGA,6769,6582,20,NM_028298,Zfp655
gRNA_317,CTGCGGCGGAGGAGCGCGAT,7890,7702,20,NM_028307,Tdrkh
gRNA_318,TTGGTGAGGATGCGCTGCGG,6805,6689,20,NM_028307,Tdrkh
gRNA_319,CTCCAAGTGGAGTATCCCTG,4204,4104,20,NM_028604,Trmt11
gRNA_320,TAAGGGCAAGAGTGAGATCC,2598,2558,20,NM_028604,Trmt11
gRNA_321,GTTGAGGGTGGGACCAGAAG,2442,2363,20,NM_028610,Dppa4
gRNA_322,ATCACAATTTTGTTGAGGGT,1705,1688,20,NM_028610,Dppa4
gRNA_323,ACACAGGAGGACCCTCCCTC,10818,10488,20,NM_028615,Dppa2
gRNA_324,CCGGATGCAGAAATAGCAGC,4284,4127,20,NM_028615,Dppa2
gRNA_325,GGATGTGCACAGTGATTTAG,1547,1540,20,NM_028811,Elp3
gRNA_326,TAGACGCTTCTCCAAGAAGC,3322,3247,20,NM_028811,Elp3
gRNA_327,ACCATACGTTCCGGGAAGCA,4984,4869,20,NM_028868,Cxxc1
gRNA_328,TCGCAACGTCGAAGCAAATG,3022,2928,20,NM_028868,Cxxc1
gRNA_329,CCTGGACAGGCACGTGTTTA,4009,3929,20,NM_029056,Tdrd9
gRNA_330,GGCCAGGCCCTGCATGCACG,12638,12280,20,NM_029056,Tdrd9
gRNA_331,GCTGGCGTAACGATGGGATG,3281,3152,20,NM_029216,Chd5
gRNA_332,GTTAACAGCCGAGAACAAGT,1559,1506,20,NM_029216,Chd5
gRNA_333,CGGATGAGGCCTTTCGGAGG,5194,4988,20,NM_029337,Ep400
gRNA_334,GCTGTATGCAGGAGGTGCGT,5144,5103,20,NM_029337,Ep400
gRNA_335,ATCGCGGCGACACGCGAGCG,12540,12150,20,NM_029441,Cdyl2
gRNA_336,TTTGCAGAATGACAGGCTTG,2129,2093,20,NM_029441,Cdyl2
gRNA_337,CTGGCTCCGGGCCAGCTGGC,13327,12897,20,NM_029805,Tsc22d4
gRNA_338,GTGAGCAGGCCCGAGAAGGC,8304,8082,20,NM_029805,Tsc22d4
gRNA_339,GGAGCGCAGCCCTGGTCACG,12603,12325,20,NM_029916,Stk31
gRNA_340,GTGCTGCTGCGCTATAGCGG,6025,5844,20,NM_029916,Stk31
gRNA_341,AAGGGATTTGTAGTCTGTGC,2023,2007,20,NM_030064,Phf23
gRNA_342,CCTCCGGAACTTCAGTTCCC,8552,8343,20,NM_030064,Phf23
gRNA_343,AACTGCGCGCTGAGCTTGTC,5215,5147,20,NM_030147,Brd8
gRNA_344,CTGCGCGGGTGGGTAGAAGC,3470,3445,20,NM_030147,Brd8
gRNA_345,GTGGGTTCCGCGTGCCGCGG,20345,19775,20,NM_030185,Zcchc4
gRNA_346,TCTCACTCTGGGTCTGACGG,6417,6191,20,NM_030185,Zcchc4
gRNA_347,CTTTAAGGGAGCTCGGTCTG,5364,5291,20,NM_032000,Trps1
gRNA_348,GTGCGGCCGGCCGGTCCCGC,32489,31540,20,NM_032000,Trps1
gRNA_349,ACGCCAATTGGGCGCCATGT,6758,6556,20,NM_033398,Jmjd6
gRNA_350,GCGTAGGCCAAAGCAGGGAG,3917,3853,20,NM_033398,Jmjd6
gRNA_351,CTGCGGCCCTGCTGCTGCTC,16363,15975,20,NM_033565,Aff4
gRNA_352,TGGCCGCGGCCCATGTGACC,10246,10021,20,NM_033565,Aff4
gRNA_353,GCGTAGGTAGCTGTCCTGGT,6852,6736,20,NM_053124,Smarca5
gRNA_354,TGGAGAAGAGAATCCACTCC,3162,3078,20,NM_053124,Smarca5
gRNA_355,CTCAGGGACGGCTGTCGCGA,9733,9544,20,NM_054078,Baz2a
gRNA_356,GACGGCGGGTGGCGTCTCCT,17440,16994,20,NM_054078,Baz2a
gRNA_357,CGCGGCCTCGGCGGCCTCGG,21262,20697,20,NM_054081,Mta1
gRNA_358,GGGACGGGAGGGCCGCGGCG,14594,14273,20,NM_054081,Mta1
gRNA_359,CCTTACTAAACTATCTGCCT,1532,1489,20,NM_133345,Ing4
gRNA_360,CGGAAGTTCAGGTACGGAAA,1800,1736,20,NM_133345,Ing4
gRNA_361,AGTAAAGCATAAACCACAAG,1180,1122,20,NM_133360,Acaca
gRNA_362,TCTTGTGTGTTCTCATCTAT,1268,1255,20,NM_133360,Acaca
gRNA_363,CCGAGGCGCCGGCGCTTACA,15866,15387,20,NM_133740,Prmt3
gRNA_364,CGACTTATCGCAGCGCCCTC,15061,14547,20,NM_133740,Prmt3
gRNA_365,GCCCTCCTGCGGAGCGATCT,10889,10626,20,NM_133815,Lbr
gRNA_366,GGACGCCGGACGCTCACGAG,11440,11146,20,NM_133815,Lbr
gRNA_367,ACATTTCCCAGAGTGTTCCG,6428,6255,20,NM_133921,Nfxl1
gRNA_368,GGCGGTGGGCGCCGTCGGTA,16625,16169,20,NM_133921,Nfxl1
gRNA_369,GCTACAGCCGCCGAGCGTCG,11578,11304,20,NM_133948,Psip1
gRNA_370,TGGTACGGCCCAGCGCTAGC,7791,7617,20,NM_133948,Psip1
gRNA_371,CCGAGGGTCCCACGCTGGAG,11523,11242,20,NM_134012,Mbtd1
gRNA_372,CTAATGTTGTTGATATCCTG,1711,1647,20,NM_134012,Mbtd1
gRNA_373,GCTCCCGGAGCTGGTTAGTC,7827,7660,20,NM_139117,Ybx3
gRNA_374,GGCGCCCGCGCTACTCGGCA,16669,16129,20,NM_139117,Ybx3
gRNA_375,AAGACCGGTTCTGGAGAGAA,1442,1419,20,NM_139146,Satb2
gRNA_376,GGAAAGGAGGACTCCTCCAA,4387,4245,20,NM_139146,Satb2
gRNA_377,ATTTGGTAAGAGATGGCTTT,1694,1681,20,NM_139198,Plac8
gRNA_378,TTTCCTCCTTACAATTCCAA,1577,1530,20,NM_139198,Plac8
gRNA_379,GAACTGGCTGGGATTGCGCA,8004,7817,20,NM_139218,Dppa3
gRNA_380,TTAGCATTAAAGTAGCCTGG,1626,1601,20,NM_139218,Dppa3
gRNA_381,CAGAATAAAGTTCCTCATGT,1773,1726,20,NM_139304,Gatad2b
gRNA_382,GTGAAGTGAAAGAAATGCTG,876,865,20,NM_139304,Gatad2b
gRNA_383,CCCAATTTGGTCAGCAGGCG,7503,7171,20,NM_144811,Cbx7
gRNA_384,GTGCCTCTGAAAGCGCCCAG,10169,9832,20,NM_144811,Cbx7
gRNA_385,GGTGAATTTAGGCGTTCACC,3111,3026,20,NM_144901,Csde1
gRNA_386,TAGTGACTCTGCTGCGACGC,5988,5815,20,NM_144901,Csde1
gRNA_387,GCGATCGCCGCTATGGAGGC,7650,7495,20,NM_145404,Prmt7
gRNA_388,TCCATCCAGTTCAGCGGGCG,6119,5950,20,NM_145404,Prmt7
gRNA_389,CGCGTGCAGCCGGGAGGAGG,8068,7893,20,NM_145830,Ehmt2
gRNA_390,GGGCGCAGCGGGCGTTGCAG,10842,10583,20,NM_145830,Ehmt2
gRNA_391,CCTCCCTTTCCCTCTGGCTC,13681,13311,20,NM_145833,Lin28a
gRNA_392,GTCAGAGACCAGAGCAGTGG,3880,3793,20,NM_145833,Lin28a
gRNA_393,GCCGGGAAATCCCACCGCAC,15361,14804,20,NM_145979,Chd4
gRNA_394,TATTATGGGCTGTCCGTGGG,2911,2839,20,NM_145979,Chd4
gRNA_395,CGCCGCCGAGGAGGAGGAGG,6301,6161,20,NM_146019,Chd3
gRNA_396,GGTGGTGGTGGTAGCGGTGG,5342,5223,20,NM_146019,Chd3
gRNA_397,GCGCACGCCGTCCTGACGCT,19795,19294,20,NM_146142,Tdrd7
gRNA_398,TCACACGCGGACCTCGAAGT,4890,4804,20,NM_146142,Tdrd7
gRNA_399,AGCAGCCTTGATAGCTCCGG,8778,8500,20,NM_148952,E2f4
gRNA_400,GCTGCCCTAAGGAGTTGTTT,3798,3701,20,NM_148952,E2f4
gRNA_401,CTCTCGCGAGATGCCAGAGT,4130,4061,20,NM_152810,Cdc5l
gRNA_402,CTTGACCGGGAACGCAGTGA,5254,5121,20,NM_152810,Cdc5l
gRNA_403,AGAGGTTAACTGAAGCATTA,85,83,20,NM_152895,Kdm5b
gRNA_404,TAGACTGTTAACTTCTTGAG,484,471,20,NM_152895,Kdm5b
gRNA_405,GAATTGTCCTGTGACCAGCC,5960,5769,20,NM_153556,Pms1
gRNA_406,GCACCAGTAGCTCTAGCCAG,4944,4857,20,NM_153556,Pms1
gRNA_407,CTCGGAAGGCGGAGCGGGTG,6770,6585,20,NM_172429,Smndc1
gRNA_408,GCAATCGCAGGCTGCTGAGA,6978,6764,20,NM_172429,Smndc1
gRNA_409,GGCAGCGGCAAGTCTGACTC,10284,9990,20,NM_172598,Wdhd1
gRNA_410,GTGGGAGCCGAACCCGGAAG,5037,4792,20,NM_172598,Wdhd1
gRNA_411,ATGACGAAGTCCAGTCAACC,5037,4880,20,NM_172705,Phf13
gRNA_412,TAGTCCCTAGCGTTGCGCCC,7534,7287,20,NM_172705,Phf13
gRNA_413,CCCGCCCACCGCCGGTTCCC,38240,37091,20,NM_172748,Fbxl19
gRNA_414,CTTCCCAGCTCCAACTGCCC,17894,17360,20,NM_172748,Fbxl19
gRNA_415,CCGGGACGGCCGGCGAGCTC,12667,12429,20,NM_172913,Tox3
gRNA_416,GGTGCGCGGCGAAGCTGGGA,7097,6930,20,NM_172913,Tox3
gRNA_417,AGACGCTAAGGGTGGAAGAA,1872,1816,20,NM_175111,Hspbap1
gRNA_418,GGCGCTGGGCGTGGCCACGC,18522,18030,20,NM_175111,Hspbap1
gRNA_419,GAAGGAGGGAGCGGGAGGCC,6707,6510,20,NM_175251,Arid2
gRNA_420,GAGGCGGCGAGGCAGGGTGG,7979,7801,20,NM_175251,Arid2
gRNA_421,AGCGCATCACAATCACTTCC,5276,5098,20,NM_175311,Zfp513
gRNA_422,TCCTAGTTCGTATATGGAGG,584,574,20,NM_175311,Zfp513
gRNA_423,GCAGCTTTCACGCAGTCTCC,12100,11751,20,NM_177239,Mysm1
gRNA_424,GCCTTGGCGTGGCGCACTTC,14082,13759,20,NM_177239,Mysm1
gRNA_425,CAGAGACACTCACCTCCTCC,11830,11372,20,NM_177821,Ep300
gRNA_426,GAGGGCGGCTCTCAGGGTGG,7222,7054,20,NM_177821,Ep300
gRNA_427,AGATGCGAACTGGCAACCAA,4063,3941,20,NM_177852,Dido1
gRNA_428,GGGTTGGCGCGAGAGTCAAA,2238,2194,20,NM_177852,Dido1
gRNA_429,CGGAGGAGTGTATTCTCAAA,2031,2015,20,NM_178017,Hmgxb4
gRNA_430,TCGACGCTCTTTCGCCGGCG,14709,14211,20,NM_178017,Hmgxb4
gRNA_431,CGACGGCCACCTCTTCCAAG,14718,14328,20,NM_178750,Ss18l1
gRNA_432,TGCTGGCGTCTGGCGTCAGG,9820,9550,20,NM_178750,Ss18l1
gRNA_433,ATATAGGTACAAACATTTGC,1565,1512,20,NM_178848,Sirt5
gRNA_434,CAGTGTTGTTACTTGTATAT,866,848,20,NM_178848,Sirt5
gRNA_435,CTTATCAGCACCCGCGGCCC,13977,13486,20,NM_181322,Ctcf
gRNA_436,GGGTTGGCGCAGGGCAGCAT,4704,4647,20,NM_181322,Ctcf
gRNA_437,AAGGGTCAGCTTCCCACAGC,5372,5219,20,NM_181345,Npm2
gRNA_438,TCTGCTGTTTCCCATTGAAC,2570,2501,20,NM_181345,Npm2
gRNA_439,CCCTGGTCGGCTAAAGCGAG,7587,7363,20,NM_182990,Ssrp1
gRNA_440,CTTCAAAGACTAGATTCCGA,1987,1912,20,NM_182990,Ssrp1
gRNA_441,TGCCTGGGAAGCAGCCCTTG,6649,6473,20,NM_183138,Tet3
gRNA_442,TGCTGGGCAGGTCCTTGGCG,11007,10701,20,NM_183138,Tet3
gRNA_443,CGCCTCTTCCAAGTTTCTAT,5448,5339,20,NM_194262,Arid4b
gRNA_444,GGCATCCGGGAAAGAGGTAG,2484,2467,20,NM_194262,Arid4b
gRNA_445,GCCGGCCGAGGCGGCGGCTG,21272,20729,20,NM_198023,Rcor1
gRNA_446,GGGCCCTTCTCCACCATGGC,12780,12290,20,NM_198023,Rcor1
gRNA_447,TAAGTGAAGCAGTTAGAGCG,1174,1154,20,NM_199058,Gpr6
gRNA_448,TCTCACCTCAGGAACACGCA,5252,5106,20,NM_199058,Gpr6
gRNA_449,GCCTTTGTCACATGTAGGGC,4933,4768,20,NM_201396,Sall4
gRNA_450,TTAAATGATCTCTGAGGTCT,1134,1109,20,NM_201396,Sall4
gRNA_451,CGAGAAATGCCCACCTTCTT,5475,5349,20,NM_207652,Tsc22d1
gRNA_452,GGTTGAGCTGGCTCCGGAGT,8661,8510,20,NM_207652,Tsc22d1
gRNA_453,TAAGGAATGGCCAGCTGGCT,3787,3699,20,NM_213660,Stat3
gRNA_454,TTATGCATGGAGGCGTGTCT,2651,2596,20,NM_213660,Stat3
gRNA_455,GCTCCGCGGCGGGAGCGAGG,8064,7842,20,NM_001290820,Zscan29
gRNA_456,TCTCCTCTCCCGGTGGACTG,6652,6467,20,NM_001290820,Zscan29
gRNA_457,AATGGTAATCTGCCCCACCC,5939,5798,20,NM_001013765,Zscan4c
gRNA_458,TGGTTCCCTTTTATAGCGCC,5042,4861,20,NM_001013765,Zscan4c
gRNA_459,AATGAACTACAATCCGGAATTGG,1269,1241,23,MERVL,NA
gRNA_460,GCTCAGCAGTGACCCTTATCTGG,5098,4919,23,MERVL,NA
gRNA_461,GCTTTCACGGAGGTTCGACG,7080,6907,20,nontargetting,NA
gRNA_462,ATGTTGCAGTTCGGCTCGAT,3616,3529,20,nontargetting,NA
gRNA_463,CCGCGCCGTTAGGGAACGAG,6603,6415,20,nontargetting,NA
gRNA_464,ATTGTTCGACCGTCTACGGG,4235,4093,20,nontargetting,NA
gRNA_465,ACCCATCGGGTGCGATATGG,5696,5506,20,nontargetting,NA
gRNA_466,GCTTCTACTCGCAACGTATT,3705,3602,20,nontargetting,NA
gRNA_467,TACAGTTATACGTCGCGGTG,2256,2220,20,nontargetting,NA
gRNA_468,CCTTAGACCGGGTGTACCTC,6081,5854,20,nontargetting,NA
gRNA_469,AAGTCTATGCGGGGCTCGTA,1811,1774,20,nontargetting,NA
gRNA_470,TTGTCAACTTCGGCCAACGC,8604,8358,20,nontargetting,NA
gRNA_471,ATAGATGTCTACGCGCCGTT,4722,4585,20,nontargetting,NA
gRNA_472,CTCGGGCTATTCAGCGATAG,3546,3426,20,nontargetting,NA
gRNA_473,GCGGTTACCGCGAAAACCAT,5418,5297,20,nontargetting,NA
gRNA_474,CCCTATATGCGAGATCCATA,1978,1921,20,nontargetting,NA
gRNA_475,TCTCAGTTCGTAGCGAACGA,2308,2249,20,nontargetting,NA
